{"id":2,"name":"John Doe","slug":"john-doe","markup":null,"seo":null,"data":{"layout":1,"markup":"@php\n  $name = \"$data->last_name, $data->first_name\";\n@endphp\n\n<x-container>\n  <div class=\"prose\">\n    <h1>{{ $name }} {{ $name }} {{ $name }}</h1>\n  </div>\n  <div class=\"prose\">\n      <ul>\n          @foreach ($data->services as $service)\n              <li>\n                  {{ $service->name }}\n              </li>\n          @endforeach\n      </ul>\n  </div>\n</x-container>","services":{"type":"relation","value":[]},"last_name":{"type":"text","value":"Doe"},"first_name":{"type":"text","value":"John"},"meta_title":{"type":"text","value":"Jason Polito"}},"parent_id":3,"taxonomy_id":2,"uuid":"8a8de725-23db-4462-bd8f-8a27a5e42796","type":"Record"}