{"id":1,"created_at":"2023-05-24T19:23:51.000000Z","updated_at":"2023-06-29T14:47:28.000000Z","deleted_at":null,"name":"Default","markup":"<!DOCTYPE html>\n<html lang=\"en\">\n<head>\n    <meta charset=\"UTF-8\">\n    <meta http-equiv=\"X-UA-Compatible\" content=\"IE=edge\">\n    <meta name=\"viewport\" content=\"width=device-width, initial-scale=1.0\">\n    <title>{{ $data->meta_title }}</title>\n    <script src=\"{{ asset('assets/js/tailwind.js') }}\"></script>\n    <script src=\"https://cdn.tailwindcss.com?plugins=forms,typography,aspect-ratio,line-clamp\"></script>\n    <style>* { position: relative }</style>\n</head>\n<body>\n    <x-block name=\"header\"></x-block>\n    @content\n    <x-block name=\"footer\"></x-block>\n</body>\n</html>","type":"Layout"}