{"id":2,"created_at":"2023-04-25T12:47:03.000000Z","updated_at":"2023-04-25T13:28:56.000000Z","deleted_at":null,"name":"Service","icon":"heroicon-o-clipboard-list","fields":[{"name":"Main Image","type":"Filament\\Forms\\Components\\FileUpload","relations":[]},{"name":"Excerpt","type":"FilamentTiptapEditor\\TiptapEditor","relations":[]},{"name":"Main Content","type":"FilamentTiptapEditor\\TiptapEditor","relations":[]},{"name":"Meta Title","type":"Filament\\Forms\\Components\\TextInput","relations":[]}]}