{"id":8,"created_at":"2023-07-12T20:24:37.000000Z","updated_at":"2023-07-13T16:32:46.000000Z","deleted_at":null,"name":"Header","fields":[{"name":"Company name","type":"Filament\\Forms\\Components\\TextInput","fields":{"bd07f8c2-5d5b-4a1a-975c-92c3204f9bad":{"name":null,"type":null}},"relations":[]},{"name":"Links","type":"Filament\\Forms\\Components\\Repeater","fields":[{"name":"Text","type":"Filament\\Forms\\Components\\TextInput"},{"name":"Url","type":"Filament\\Forms\\Components\\TextInput"},{"name":"New window","type":"Filament\\Forms\\Components\\Toggle"}],"relations":[]}],"markup":"<nav class=\"py-4 text-white bg-slate-800\">\n    <x-container>\n        <div class=\"flex items-center justify-between\">\n            <div>\n                <a href=\"/\"\n                   class=\"block px-4 py-2 rounded-md hover:bg-slate-900\">{{ $data->company_name }}</a>\n            </div>\n            <div>\n                <ul class=\"flex\">\n                    @foreach ($data->links as $link)\n                        <li class=\"hidden md:block\">\n                            <a href=\"{{ $link->url }}\"\n                                @if ($link->new_window)\n                                    target=\"_blank\"\n                                @endif\n                               class=\"block px-4 py-2 rounded-md hover:bg-slate-900\">{{ $link->text }}</a>\n                        </li>\n                    @endforeach\n                    <li class=\"md:hidden\">\n                        <a href=\"#\" class=\"block px-3 py-2 rounded-md hover:bg-slate-900\">\n                            <svg xmlns=\"http://www.w3.org/2000/svg\" fill=\"none\" viewBox=\"0 0 24 24\" stroke-width=\"1.5\" stroke=\"currentColor\" class=\"w-6 h-6\">\n                                <path stroke-linecap=\"round\" stroke-linejoin=\"round\" d=\"M3.75 6.75h16.5M3.75 12h16.5m-16.5 5.25h16.5\" />\n                              </svg>\n                        </a>\n                    </li>\n                </ul>\n            </div>\n        </div>\n    </x-container>\n</nav>","uuid":"99a316a8-a34f-4aad-9c98-0544e6e71f1e","type":"Block"}