{"id":9,"created_at":"2023-07-12T21:20:01.000000Z","updated_at":"2023-07-13T17:26:26.000000Z","deleted_at":null,"name":"Hero","fields":[{"name":"Title","type":"Filament\\Forms\\Components\\TextInput","fields":{"2fe167e8-2663-45d1-b91a-c64f0af2b431":{"name":null,"type":null}},"relations":[]},{"name":"Content","type":"FilamentTiptapEditor\\TiptapEditor","fields":{"db384b38-679c-4924-bcc0-6bc916676611":{"name":null,"type":null}},"relations":[]}],"markup":"<div class=\"py-32 bg-slate-900 text-white\">\n    <x-container>\n        <h1 class=\"text-5xl mb-8\">{{ $data->title }}</h1>\n        <div class=\"text-slate-500 font-light\">{!! $data->content !!}</div>\n    </x-container>\n</div>","uuid":"99a316a8-a48f-4d67-91fc-ca64cd5e4cc9","type":"Block"}